{
	"Version": 3,
	"FileReferences": {
		"Moc": "wanko_touch.moc3",
		"Textures": [
			"wanko_touch.1024/texture_00.png"
		],
		"Physics": "wanko_touch.physics3.json",
		"DisplayInfo": "wanko_touch.cdi3.json",
		"Motions": {
			"Idle": [
				{
					"File": "motion/idle_01.motion3.json"
				},
				{
					"File": "motion/idle_03.motion3.json"
				},
				{
					"File": "motion/idle_04.motion3.json"
				}
			],
			"Flick3": [
				{
					"File": "motion/idle_02.motion3.json"
				},
				{
					"File": "motion/touch_01.motion3.json"
				}
			],
			"Shake": [
				{
					"File": "motion/shake_01.motion3.json"
				}
			],
			"FlickUp": [
				{
					"File": "motion/shake_02.motion3.json"
				}
			],
			"Tap": [
				{
					"File": "motion/touch_02.motion3.json"
				},
				{
					"File": "motion/touch_04.motion3.json"
				}
			],
			"Flick": [
				{
					"File": "motion/touch_03.motion3.json"
				},
				{
					"File": "motion/touch_05.motion3.json"
				}
			],
			"FlickLeft": [
				{
					"File": "motion/touch_06.motion3.json"
				}
			]
		}
	},
	"Groups": [
		{
			"Target": "Parameter",
			"Name": "EyeBlink",
			"Ids": [
				"PARAM_EYE_L_OPEN",
				"PARAM_EYE_R_OPEN"
			]
		},
		{
			"Target": "Parameter",
			"Name": "LipSync",
			"Ids": [
				"PARAM_MOUTH_OPEN_Y"
			]
		}
	],
	"HitAreas": []
}